{
  "version": 1,
  "author": "Gustavo Granja",
  "editor": "wokwi",
  "parts": [
    { "type": "wokwi-breadboard", "id": "bb1", "top": -185.4, "left": -189.2, "attrs": {} },
    {
      "type": "board-esp32-devkit-c-v4",
      "id": "esp",
      "top": -10.74,
      "left": -118.3,
      "rotate": 270,
      "attrs": {}
    },
    {
      "type": "wokwi-led",
      "id": "led1",
      "top": -109.2,
      "left": -121,
      "attrs": { "color": "purple" }
    },
    {
      "type": "wokwi-led",
      "id": "led2",
      "top": -109.2,
      "left": -101.8,
      "attrs": { "color": "purple" }
    },
    {
      "type": "wokwi-led",
      "id": "led3",
      "top": -109.2,
      "left": -82.6,
      "attrs": { "color": "purple" }
    },
    {
      "type": "wokwi-led",
      "id": "led4",
      "top": -109.2,
      "left": -63.4,
      "attrs": { "color": "purple" }
    },
    {
      "type": "wokwi-led",
      "id": "led5",
      "top": -109.2,
      "left": -44.2,
      "attrs": { "color": "purple" }
    },
    {
      "type": "wokwi-pushbutton-6mm",
      "id": "btn1",
      "top": 36.2,
      "left": 38.4,
      "attrs": { "color": "green" }
    },
    { "type": "wokwi-led", "id": "led6", "top": -90, "left": -15.4, "attrs": { "color": "red" } }
  ],
  "connections": [
    [ "esp:TX", "$serialMonitor:RX", "", [] ],
    [ "esp:RX", "$serialMonitor:TX", "", [] ],
    [ "led1:A", "bb1:8b.f", "", [ "$bb" ] ],
    [ "led1:C", "bb1:7b.f", "", [ "$bb" ] ],
    [ "led2:A", "bb1:10b.f", "", [ "$bb" ] ],
    [ "led2:C", "bb1:9b.f", "", [ "$bb" ] ],
    [ "led3:A", "bb1:12b.f", "", [ "$bb" ] ],
    [ "led3:C", "bb1:11b.f", "", [ "$bb" ] ],
    [ "led4:A", "bb1:14b.f", "", [ "$bb" ] ],
    [ "led4:C", "bb1:13b.f", "", [ "$bb" ] ],
    [ "led5:A", "bb1:16b.f", "", [ "$bb" ] ],
    [ "led5:C", "bb1:15b.f", "", [ "$bb" ] ],
    [ "bb1:12b.j", "esp:5", "green", [ "v0" ] ],
    [ "bb1:10b.j", "esp:19", "green", [ "v0" ] ],
    [ "bb1:14b.j", "esp:16", "green", [ "v0" ] ],
    [ "bb1:16b.j", "esp:0", "green", [ "v0" ] ],
    [ "bb1:15b.j", "bb1:bn.11", "black", [ "v0" ] ],
    [ "bb1:13b.j", "bb1:bn.10", "black", [ "v0" ] ],
    [ "bb1:11b.j", "bb1:bn.8", "black", [ "v38.4" ] ],
    [ "bb1:9b.j", "bb1:bn.6", "black", [ "v0" ] ],
    [ "bb1:8b.j", "esp:21", "green", [ "v0" ] ],
    [ "bb1:7b.j", "bb1:bn.5", "black", [ "v0" ] ],
    [ "btn1:1.l", "esp:15", "cyan", [ "h0" ] ],
    [ "btn1:2.r", "bb1:bn.23", "green", [ "h0" ] ],
    [ "bb1:bn.1", "esp:GND.2", "black", [ "v0" ] ],
    [ "led6:A", "bb1:19b.h", "", [ "$bb" ] ],
    [ "led6:C", "bb1:18b.h", "", [ "$bb" ] ],
    [ "bb1:18b.j", "bb1:bn.14", "green", [ "v0" ] ],
    [ "bb1:19b.j", "esp:2", "green", [ "v57.6", "h-19.2" ] ]
  ],
  "dependencies": {}
}