{
  "version": 1,
  "author": "Gustavo Granja",
  "editor": "wokwi",
  "parts": [
    {
      "type": "board-esp32-devkit-c-v4",
      "id": "esp",
      "top": 0,
      "left": -4.76,
      "rotate": 270,
      "attrs": {}
    },
    { "type": "wokwi-led", "id": "led1", "top": -32.4, "left": -25, "attrs": { "color": "red" } },
    {
      "type": "wokwi-pushbutton-6mm",
      "id": "btn1",
      "top": -8.1,
      "left": 71.7,
      "rotate": 90,
      "attrs": { "color": "blue" }
    }
  ],
  "connections": [
    [ "esp:TX", "$serialMonitor:RX", "", [] ],
    [ "esp:RX", "$serialMonitor:TX", "", [] ],
    [ "esp:GND.2", "led1:C", "black", [ "v0" ] ],
    [ "esp:21", "led1:A", "green", [ "v0" ] ],
    [ "btn1:2.l", "esp:GND.3", "green", [ "v0", "h-29.2" ] ],
    [ "btn1:1.r", "esp:0", "magenta", [ "v0.8", "h9.6" ] ]
  ],
  "dependencies": {}
}